INSERT INTO REGIONS (REGION_ID,REGION_NAME) VALUES (1,'CENTER');
INSERT INTO REGIONS (REGION_ID,REGION_NAME) VALUES (2,'WEST');
INSERT INTO REGIONS (REGION_ID,REGION_NAME) VALUES (3,'NORTH');
INSERT INTO REGIONS (REGION_ID,REGION_NAME) VALUES (4,'EAST');

INSERT INTO COUNTRIES(COUNTRY_ID, COUNTRY_NAME, REGION_ID) VALUES (1,'US',1);
INSERT INTO COUNTRIES(COUNTRY_ID, COUNTRY_NAME, REGION_ID) VALUES (2,'CANADA',2);
INSERT INTO COUNTRIES(COUNTRY_ID, COUNTRY_NAME, REGION_ID) VALUES (3,'SPAIN',3);
INSERT INTO COUNTRIES(COUNTRY_ID, COUNTRY_NAME, REGION_ID) VALUES (4,'MEXICO',4);

INSERT INTO LOCATIONS(LOCATION_ID, STREET_ADDRESS, POSTAL_CODE, CITY, STATE_PROVINCE, COUNTRY_ID) VALUES(1,'ST.1','123','NY','STATE',1);
INSERT INTO LOCATIONS(LOCATION_ID, STREET_ADDRESS, POSTAL_CODE, CITY, STATE_PROVINCE, COUNTRY_ID) VALUES(2,'ST.1','123','OTTAWA','STATE',2);
INSERT INTO LOCATIONS(LOCATION_ID, STREET_ADDRESS, POSTAL_CODE, CITY, STATE_PROVINCE, COUNTRY_ID) VALUES(3,'ST.1','123','MADRID','STATE',3);
INSERT INTO LOCATIONS(LOCATION_ID, STREET_ADDRESS, POSTAL_CODE, CITY, STATE_PROVINCE, COUNTRY_ID) VALUES(4,'ST.1','123','MEXICO','STATE',4);

INSERT INTO DEPARTMENTS(DEPARTMENT_ID, DEPARTMENT_NAME, MANAGER_ID, LOCATION_ID) VALUES(1,'DEVELOPMENT',NULL,1);
INSERT INTO DEPARTMENTS(DEPARTMENT_ID, DEPARTMENT_NAME, MANAGER_ID, LOCATION_ID) VALUES(2,'HR',NULL,2);
INSERT INTO DEPARTMENTS(DEPARTMENT_ID, DEPARTMENT_NAME, MANAGER_ID, LOCATION_ID) VALUES(3,'MANAGEMENT',NULL,3);
INSERT INTO DEPARTMENTS(DEPARTMENT_ID, DEPARTMENT_NAME, MANAGER_ID, LOCATION_ID) VALUES (4,'HR',NULL,4);

INSERT INTO JOBS(JOB_ID, JOB_TITLE, MIN_SALARY, MAX_SALARY) VALUES (1,'DEVELOPER',1000,2000);
INSERT INTO JOBS(job_id, job_title, min_salary, max_salary) values (2,'MANAGER',1500,3000);
INSERT INTO JOBS(JOB_ID, JOB_TITLE, MIN_SALARY, MAX_SALARY) VALUES (3,'HUMAN RESOURCE',500,1000);
INSERT INTO JOBS(JOB_ID, JOB_TITLE, MIN_SALARY, MAX_SALARY) VALUES (4,'PRESIDENT',2500,5000);

INSERT INTO EMPLOYEES(EMPLOYEE_ID, FIRST_NAME, LAST_NAME, EMAIL, PHONE_NUMBER, HIRE_DATE, JOB_ID, SALARY, DEPARTMENT_ID)
VALUES (1,'NAME','LAST','EMAIL','0245646',TO_DATE('2015-01-01','yyyy-mm-dd'),1,1200,1);
INSERT INTO EMPLOYEES(EMPLOYEE_ID, FIRST_NAME, LAST_NAME, EMAIL, PHONE_NUMBER, HIRE_DATE, JOB_ID, SALARY, DEPARTMENT_ID)
VALUES(2,'NAME','LAST','EMAIL2','5648',TO_DATE('2020-01-01','yyyy-mm-dd'),2,1000,2);
INSERT INTO EMPLOYEES(EMPLOYEE_ID, FIRST_NAME, LAST_NAME, EMAIL, PHONE_NUMBER, HIRE_DATE, JOB_ID, SALARY, DEPARTMENT_ID)
VALUES(3,'NAME','LAST','EMAIL3','2315168',TO_DATE('2001-01-01','YYYY-MM-DD'),3,500,3);
INSERT INTO EMPLOYEES(EMPLOYEE_ID, FIRST_NAME, LAST_NAME, EMAIL, PHONE_NUMBER, HIRE_DATE, JOB_ID, SALARY, DEPARTMENT_ID)
VALUES(4,'TEST','TEST','TEST','12312313',TO_DATE('2010-01-01','YYYY-MM-DD'),4,2000,4);

INSERT INTO JOB_HISTORY(EMPLOYEE_ID, START_DATE, END_DATE, JOB_ID, DEPARTMENT_ID)
VALUES (1,TO_DATE('2000-01-01','YYYY-MM-DD'),TO_DATE('2010-01-01','YYYY-MM-DD'),1,1);



